"day","start","stop","room","title","name","company","description","keywords","type","level","bio","location","Twitter","Facebook","Linkedin"
11/13/17,09:30:00 AM,05:00:00 PM,"Ash Grove C","Component-Based Theming With Twig","Chaz Chumley","Forum One","While we have all read about, watched, and even worked with Drupal and WordPress to create themes, the introduction of Twig has changed the traditional way of working with HTML, CSS, and JS. There is a movement away from traditional theme-centric design and towards component-based design. Learn how to identify patterns, define components, and utilize command line tools such as Composer, npm, and Grunt to quickly create a Pattern Lab managed theme. Work smarter, not harder as we create components that can be placed into any project.","Twig, Drupal 8, WordPress, Pattern Lab, Components","Training (8 hrs)","Intermediate","Consultant, instructor, author, web developer, trainer and technology manager. Chaz' experience has allowed him to participate in such ventures as Lynda.com developing Drupal training videos, authoring Drupal books for Packt Publishing including ""Drupal 8 Theming with Twig,"" and the soon to be released ""Mastering Drupal 8."" Chaz' adventures have also led him to become an instructor at the University of Nevada Las Vegas teaching Drupal and various web technologies as well as contributing numerous articles and presentations at NYCCamp, BadCamp, Design4Drupal, DrupalGovCon, DrupalCon and php[world].","Richmond, VA","chazchumley",,"https://www.linkedin.com/in/chazchumley/"
11/15/17,04:30:00 PM,05:30:00 PM,"Ash Grove A","Throwing Laravel Into your Legacy App™","Joe Ferguson","Aol","Do you work on a legacy application and yearn for the green fields and bountiful structure of an application built on a modern framework? Do you feel like the only path to modernizing your old workhorse app is to spend months or years rewriting it from the ground up? What if you could integrate modern packages from a full stack framework at your own pace instead of having to start over from scratch? Join us as we explore using Laravel components in your Legacy App™. Modernize how your application handles configuration, routing, container, database, and much more!","legacy, laravel","Session (1 hr)","Intermediate","Joe Ferguson is a PHP developer and community organizer. He is involved with many different technology related initiatives in Memphis including the Memphis PHP User group. He’s been married to his extremely supportive and amazing wife for a really long time and she turned him into a crazy cat man. They live in the Memphis suburbs with their two cats.","MEM","joepferguson",,
11/13/17,09:30:00 AM,05:00:00 PM,"Ash Grove A","Zero to Hero With Laravel","Joe Ferguson","Aol","Spend the day with an in-person instructor to learn the ins and outs of the Laravel framework. All skill levels welcomed. Has it been a few years since you've looked at full stack framework? Has your team recently adopted Laravel? Join us for a jumpstart training day of everything you need to get up and running and contribute meaningful code to your projects. Instructor-led exercises and real world examples will guide you on the path to learning. Move past ""hello world"" and build apps that do real things!","laravel, training,","Training (8 hrs)","Beginner","Joe Ferguson is a PHP developer and community organizer. He is involved with many different technology related initiatives in Memphis including the Memphis PHP User group. He’s been married to his extremely supportive and amazing wife for a really long time and she turned him into a crazy cat man. They live in the Memphis suburbs with their two cats.","MEM","joepferguson",,
11/15/17,03:00:00 PM,04:00:00 PM,"Potomac","Building PHP Daemons and Long Running Processes","Tim Lytle","BeckonCall","There are things you don't want to, or can't do, inside a web request. It could be a task that needs to be retired if it fails, maybe one that takes a significantly long time to process, or multiple jobs that need to be processed over time. Whether you're sending an email, processing a video, or consuming Twitter's streaming API, you should be using a separate process, and probably a daemon. In this hands-on workshop, you'll learn how to stop abusing cron, and easily daemonize a PHP script that responds responsibly to process signals.","cli","Workshop (2.5 hrs)","Advanced","Tim likes making things, is a lover of well built APIs, and hates the top reply. A former mercenary developer, he's built numerous applications specializing in API consumption and creation. Now he's working on the platform of BeckonCall. He also tweets sporadically from @tjlytle.","PHL","tjlytle",,
11/15/17,04:30:00 PM,05:30:00 PM,"Ballroom","The Variable Crimes We Commit Against JavaScript","Julka Grodel","AddThis","Have you ever put a value into a JavaScript variable, and then been unable to use it where you needed it? Or created it and unintentionally overridden something you thought wouldn't be affected? JavaScript has an unusual way of handling where variables are available; we call this ""where"" a scope. In this talk, we'll go over how JavaScript variables 'bubble' up into higher scopes, how to restrict them to just where you want them, and how this affects variables in your functions.","JavaScript","Session (1 hr)","All Levels","Julka is passionate about writing easily maintainable and extendable code and is on a mission to make it simple to use AddThis' social tools on single page apps and within a dynamic DOM. She is a Senior Software Engineer at AddThis and has worked professionally in web development for over ten years. Julka spends most of her time on open source projects integrating AddThis tools for various JavaScript frameworks and content management systems. When not working, she spends her time volunteering with the Junior League, in a pilates studio, or doting over her blind cat Batman and his BFF Robin.","DCA","jgrodel",,"https://www.linkedin.com/in/jgrodel/"
11/16/17,10:00:00 AM,11:00:00 AM,"Great Falls","Create a PHP Library the right way","Christian Varela","Conqueror Soft","Have you found yourself wondering how to take advantage of what you have developed in the past for current or future projects? Are you tired of copying/pasting then adapting from your previous projects to the new ones? Start developing for the future and contribute to others by developing libraries and sharing them for use. Where do you start? You'll be guided through this tutorial step by step to include security, tests and all the factors you need to consider when building a library.","library,development,best practices","Workshop (2.5 hrs)","Beginner","Christian Varela, @gabriel0702, husband, father of three girls. He is PHP programmer with 13 years of experience. He started working with PHP to create web applications. He's originally from Mexico, and he has lived in Miami for eight years. He created his own company [Conqueror Soft](http://www.conquerorsoft.com/). Currently, he works for both his company and CVS Health. He is the lead PHP programmer at CVS. He likes to play piano and guitar.","Miami","gabriel0702","https://www.facebook.com/dobleclick.mx","https://www.linkedin.com/in/christianvarela/"
11/16/17,10:00:00 AM,11:00:00 AM,"Ash Grove B","Advanced MySQL Query Optimization","David Stokes","Oracle","So you know how to add indexes to speed queries and maybe can use EXPLAIN. But why do your queries still stink? This session covers how the MySQL Optimizer looks at your SQL statements, where it has to throw up its hands in frustration, and how to tame it. Plus, there are some minor data architecture tweaks you need to know.","mysql,database,rdms","Session (1 hr)","Advanced","Dave Stokes is a MySQL Community Manager for Oracle. Previously he was the MySQL Certification Manager for MySQL AB and SUN. He has worked for companies ranging alphabetically from the American Heart Association to Xerox and work ranging from anti-submarine warfare to web developer. He lives in Texas and has the required by state law pickup truck and hound dog.","DFW","stoker","https://www.facebook.com/bigdavestokes","https://www.linkedin.com/in/davidmstokes/"
11/15/17,03:00:00 PM,04:00:00 PM,"Ash Grove C","Inheritance: Vertical or Horizontal?","Mark Niebergall","i3logix","Inheritance in PHP can be achieved in multiple ways. We'll cover both vertical and horizontal inheritance, including abstracts, interfaces, and traits, and when each should and shouldn't be used. Pros, cons, and common things to watch out for will be discussed so you can take your application to the next level.","abstract, interface, trait, inheritance","Session (1 hr)","All Levels","Mark Niebergall is a passionate, security-minded PHP software engineer with over a decade of hands-on experience with PHP projects. He is the Utah PHP User Group President and often speaks at user groups and conferences. Mark has a Masters degree in MIS, is CSSLP and SSCP cybersecurity certified, and volunteers for (ISC)2 exam development. Mark enjoys flying drones, casual gaming, and teaching his kids how to push buttons and use technology.","SLC","mbniebergall",,"https://www.linkedin.com/in/markniebergall"
11/16/17,04:30:00 PM,05:30:00 PM,"Ash Grove A","Cybersecurity: State of the Union","Mark Niebergall","i3logix","The cybersecurity landscape is continuously changing as new threats appear and attackers adapt. We will discuss recent notable attacks and breaches, identify growing threats, and analyze current trends in attacks. Learn about effective strategies to increase security and reduce the risk of a successful attack. Delve into PHP security-related features for cryptography, data sanitation, session management, and configuration.","security, cryptography, OWASP","Session (1 hr)","All Levels","Mark Niebergall is a passionate, security-minded PHP software engineer with over a decade of hands-on experience with PHP projects. He is the Utah PHP User Group President and often speaks at user groups and conferences. Mark has a Masters degree in MIS, is CSSLP and SSCP cybersecurity certified, and volunteers for (ISC)2 exam development. Mark enjoys flying drones, casual gaming, and teaching his kids how to push buttons and use technology.","SLC","mbniebergall",,"https://www.linkedin.com/in/markniebergall"
11/16/17,10:00:00 AM,11:00:00 AM,"Ballroom","43 PhpStorm Tips and Tricks","Gary Hockin","JetBrains","As an experienced developer, I am way too busy not to use an IDE with code completion, refactoring tools, and step-debugging (and so much more). PhpStorm* is a fantastic IDE to help the skilled developer get stuff done quickly and correctly. Prepare yourself for a fast-paced look at 43 tips and tricks for PhpStorm, some that you may never even know existed. How many do you already know? Note taking equipment is strongly advised.

 *Disclaimer - I work for JetBrains, makers of PhpStorm","PhpStorm, IDE, Super Amazing IDE","Session (1 hr)","All Levels","Gary Hockin empowers users of PhpStorm as a Developer Advocate for JetBrains (fine purveyors of quality IDEs). He is a talented and evocative speaker, a cultivated author, and records elegant and informative videos. When Gary had a real job, he was a coder of at least ""competent"" standard with 20 years experience. When not developing, speaking, reading or writing about developing, Gary enjoys playing computer games and arguing with his wife and two kids. Gary has recently discovered that events ask speakers to write their own biography, and you can get away with writing anything you want.","CWL","GeeH",,
11/15/17,10:00:00 AM,11:00:00 AM,"Ash Grove C","Where to Start With Modern Zend Framework?","Gary Hockin","JetBrains","The Zend Framework has evolved over the years from a full stack magical behemoth into an elegant set of interlocking libraries. But where do you start? Which framework should you use, Expressive or the MVC? What on earth is Diactoros? Join us as we take a look at exactly what exists in the Zend Framework eco-system with a brief introduction on how you can get started with the more interesting libraries.","Zend Framework, ZF, Expressive","Session (1 hr)","All Levels","Gary Hockin empowers users of PhpStorm as a Developer Advocate for JetBrains (fine purveyors of quality IDEs). He is a talented and evocative speaker, a cultivated author, and records elegant and informative videos. When Gary had a real job, he was a coder of at least ""competent"" standard with 20 years experience. When not developing, speaking, reading or writing about developing, Gary enjoys playing computer games and arguing with his wife and two kids. Gary has recently discovered that events ask speakers to write their own biography, and you can get away with writing anything you want.","CWL","GeeH",,
11/15/17,11:30:00 AM,12:30:00 PM,"Ballroom","Leveraging a Distributed Arch to Your Advantage","Michelangelo van Dam","in2it","We have all heard about the major outages of Amazon and Azure in the past and the many online services that were impacted by those outages. So how can you protect yourself against being ""offline"" for hours or days and what tools you can use to protect yourself against it? Learn how we protect our customers with distributed systems (cloud and on-prem) to mitigate outages and stay online even when the lights go out.","cloud, architecture, high-availability","Session (1 hr)","Intermediate","I'm a senior #PHP architect, co-founder and #ceo of @in2itvof, #community leader at @phpbenelux, coach at @CoderDojo, #globetrotter, likes #coffee.","BRU","DragonBe","https://www.facebook.com/DragonBe","https://www.linkedin.com/in/michelangelovandam"
11/13/17,09:30:00 AM,05:00:00 PM,"Ash Grove B","PHPUnit Master Class","Michelangelo van Dam","in2it","PHPUnit Master Class is designed to help you master the art of writing unit tests in a Test-Driven Development way. You will learn how to convert functional requirements into units, write the tests, and finally write the concrete code implementation.","phpunit, training, tdd","Training (8 hrs)","Advanced","I'm a senior #PHP architect, co-founder and #ceo of @in2itvof, #community leader at @phpbenelux, coach at @CoderDojo, #globetrotter, likes #coffee.","BRU","DragonBe","https://www.facebook.com/DragonBe","https://www.linkedin.com/in/michelangelovandam"
11/16/17,04:30:00 PM,05:30:00 PM,"Ballroom","ES6 and You: the future Is Now!","Jordan Kasper",,"JavaScript is growing up, and browser vendors are on board! But many developers are stuck in the year 2000. This session will show attendees some of the more compelling—and practical—changes in ES6/2015. We'll talk about new variable declaration types and scopes, default function args, object deconstruction, template strings, ""classes,"" and more. This will be a quick tour, but with practical examples and info every developer should have. This is not an introductory session, so attendees should come armed with a basic understanding of JavaScript functions, scope, and async programming!","javascript, ES6, front end","Session (1 hr)","Intermediate","Shortly after it arrived at his home in 1993, Jordan began disassembling his first computer—his mother was not happy. She breathed more easily when he moved from hardware into programming. Jordan's experience includes companies large and small, universities, and various OSS projects. He also participates in user groups, conferences, barcamps, and hackathons. Jordan's primary mission for over ten years has been to evangelize technology of all sorts and share what he has learned to help others grow. In his down time, he enjoys puzzles of all sorts and board games!","Washington, DC","jakerella",,"https://www.linkedin.com/in/jordankasper/"
11/15/17,11:30:00 AM,12:30:00 PM,"Ash Grove A","/[Rr]eg(ular)?[Ee]x(p|pressions)?/","Jordan Kasper",,"Regular expressions exist in a mystical, magical wonderland many developers avoid like the plague. This talk aims to demystify this extremely useful and powerful tool. We'll talk about what regular expressions are, why we want to learn them, and the basic ins and outs of matching text and seeing those results. There are many concepts in this tool, but this talk will hit the basics: character classes, grouping, escaped characters, flags, modifiers, and more. While not every language implements regex the same, this talk will give attendees the foundations they need to work in any language.","regex","Session (1 hr)","Beginner","Shortly after it arrived at his home in 1993, Jordan began disassembling his first computer—his mother was not happy. She breathed more easily when he moved from hardware into programming. Jordan's experience includes companies large and small, universities, and various OSS projects. He also participates in user groups, conferences, barcamps, and hackathons. Jordan's primary mission for over ten years has been to evangelize technology of all sorts and share what he has learned to help others grow. In his down time, he enjoys puzzles of all sorts and board games!","Washington, DC","jakerella",,"https://www.linkedin.com/in/jordankasper/"
11/14/17,09:30:00 AM,05:00:00 PM,"Ash Grove C","Hands-On API Design","Tim Lytle","BeckonCall","Building your next mobile app, SaaS product, or web app using an API first philosophy? Already maintain an API and want to step back and think about API design? Join us for a day of hands-on training! We'll build and iterate over a simple API, exploring concepts that give your API a solid foundation: authentication, REST based design and workflows, practical hypermedia, versioning, API request/response formats. Because your API may start out serving the needs of internal mobile clients, or single page web apps, but one day (sooner than you think) you'll be turning it into a public API.","api","Training (8 hrs)","Beginner","Tim likes making things, is a lover of well built APIs, and hates the top reply. A former mercenary developer, he's built numerous applications specializing in API consumption and creation. Now he's working on the platform of BeckonCall. He also tweets sporadically from @tjlytle.","PHL","tjlytle",,
11/16/17,03:00:00 PM,04:00:00 PM,"Ash Grove C","Big Iron: PHP Lessons From Cold War Supercomputing","Ed Barnard","InboxDollars","The original CRAY-1 supercomputer was a 5-ton monster with just 8 MB of main memory, yet programming it can be a fun way to explore subtleties of PHP coding. In this talk, we indulge in programming “big iron” on “bare metal.” We’ll look at CRAY-1 hardware instructions with the aim of understanding logic operations, Boolean algebra, and octal arithmetic. As a Cray Research veteran, I’ve carried CRAY-1 logic design to both MySQL table design and PHP coding. After this talk, you will as well.","boolean-logic, bitwise-operators, computing-history","Session (1 hr)","All Levels","Ed Barnard had a front-row seat when the Morris Worm took down the internet, November 1988. He was teaching CRAY-1 supercomputer operating system internals to analysts as they were being directly hit by the Worm. It was a busy week! Ed continues to indulge his interests in computer security and teaching software concepts to others.","MSP","ewbarnard","https://www.facebook.com/ewbarnard","https://www.linkedin.com/in/edward-barnard-94230b1/"
11/16/17,03:00:00 PM,04:00:00 PM,"Ash Grove B","Building an Accessible WordPress Federal Website","Rohit Gupta","Artemis Consulting","This talk will explore the re-development of the National Library Service for the Blind and Physically Handicapped website from flat files into WordPress. The primary purpose was to redesign the site to be fully accessible for those with disabilities, allowing them to perform administrative tasks. Artemis developed enhancements to make WordPress plugins accessible. We will discuss how we approached developing this website whose primary content administrators and primary users are blind.","WordPress, Accessibility, Blind users, Blind content administrators, Blind client representatives","Session (1 hr)","Beginner","Rohit Gupta is the founder and President of Artemis Consulting, Inc. and serves as the Senior Technologist. Rohit is a recognized expert in the fields of systems architecture, large web application design and development, agile development, mobile development and CIO operations. Rohit graduated from the University of Mumbai with a B.E. in Computer Engineering and went on to receive an M.S. in Computer Science at the University of Connecticut. Rohit is passionate about using technology to build efficient and elegant solutions for business and social challenges.","Local/Northern Virginia","ConsultArtemis",,"https://www.linkedin.com/company-beta/1090301"
11/16/17,10:00:00 AM,11:00:00 AM,"Potomac","Protocol Buffers for PHP","Christopher Mancini","CircleCI","If you have spent any significant amount of time developing applications, you have had to either consume or deliver data across multiple systems. When designing systems that need to communicate with each other, there are many formats to choose from. Your first thought might be to use JSON or XML. But are they the best choice for long-term scalability and system performance? In this workshop, we’ll introduce protocol buffers, review its benefits compared to alternatives, as well as learn how to use it within a PHP application.","protocol buffers, data serialization","Workshop (2.5 hrs)","Intermediate","Born and raised in Buffalo, NY, I live with my wife and three daughters in the Charlotte, NC metropolitan area. I am an avid gamer, Sabres fan, and a fearless apprentice always learning new things to tinker with. As a seasoned software engineer with a diverse range of experience across industries and technologies, I currently work for CircleCI focused on testing and release automation.","CLT","chrismancini",,"https://www.linkedin.com/in/solveproblemswithcode/"
11/16/17,03:00:00 PM,04:00:00 PM,"Ash Grove A","Becoming a Better Developer Through Debugging","Dustin Younse","Acquia","Trying to tame a modern, fully-featured web application like Drupal can be an exercise in frustration. In this session, we will be going over useful debugging tools and techniques that can help you see into the inner workings of all versions of Drupal. You will be better prepared to start building truly custom features into your projects, and you'll be able to remain calm when you get the inevitable email that your site is showing the dreaded White Screen Of Death at 4:45 pm on a Friday afternoon.","drupal, php, debugging","Session (1 hr)","All Levels","Dustin, a former 4th-grade LOGO Programming champion, discovered View Source in 1997, and has been making websites ever since. He has a long time obsession with making computer interfaces more human-friendly, rather than expecting humans to become more computer friendly.","Boston, MA","milsyobtaf",,
11/15/17,11:30:00 AM,12:30:00 PM,"Ash Grove C","Digital Speakeasy: Secure and Anonymous Site Access","Dustin Younse","Acquia","Tor is an invention of the US NRL, designed to route web traffic anonymously. Intended for communications between secret agents, Tor is infamous for its role in the less savory parts of the internet. In a post-Arab Spring world, Tor has come full circle with ProPublica and Facebook using the service to provide their users with secure access. This session will provide a background on Tor, demonstrate a production ready setup for secure access to an existing site, and explore some of the newest Tor project developments that will soon make all of this even better!","tor, security, anonymity, privacy, drupal, php","Session (1 hr)","All Levels","Dustin, a former 4th-grade LOGO Programming champion, discovered View Source in 1997, and has been making websites ever since. He has a long time obsession with making computer interfaces more human-friendly, rather than expecting humans to become more computer friendly.","Boston, MA","milsyobtaf",,
11/15/17,04:30:00 PM,05:30:00 PM,"Ash Grove B","ORM-What? Active Record vs. DataMapper","David Hayes","WPShout","Most developers using modern PHP frameworks know what an ORM is. What's less frequently understood is the underlying concepts that vary between different ORM implementations. In this talk, we'll study the differences and come away with a richer understanding of what the two major ORM patterns—Active Record and DataMapper—do differently and what effect that has on the software projects we build with them. Example code will use Laravel's Eloquent ORM and Doctrine, which is usually used with Symfony, but apply to many other PHP frameworks as well.","doctrine, eloquent, ORM, databases","Session (1 hr)","Intermediate","David is a developer from Fort Collins, Colorado. He's been working with PHP for almost a decade, and does a lot of intensive backend work, a fair bit of JavaScript, and dabbles with CSS sometimes. While he's big into WordPress—he co-owns and runs the popular development tutorial site [WPShout](http://wpshout.com). He's got experience with everything from old school PHP to the latest and greatest of Symfony and Laravel.","DEN","davidbhayes","https://www.facebook.com/iamdavidbhayes",
11/16/17,11:30:00 AM,12:30:00 PM,"Ash Grove A","Banishing Loops With Functional Programming","David Hayes","WPShout","Functional programming is one of the most mind-bending and counter-intuitive topics for most PHP developers. While almost every developer knows what a PHP function is, that's just the first part of the power that is functional programming. By harnessing the power of higher-order functions, we can write clearer, more accessible, and maintainable code. Applicable in PHP, JavaScript, and beyond, fewer loops will make you love programming more than ever before.","functional programming, javascript, php","Session (1 hr)","Intermediate","David is a developer from Fort Collins, Colorado. He's been working with PHP for almost a decade, and does a lot of intensive backend work, a fair bit of JavaScript, and dabbles with CSS sometimes. While he's big into WordPress—he co-owns and runs the popular development tutorial site [WPShout](http://wpshout.com). He's got experience with everything from old school PHP to the latest and greatest of Symfony and Laravel.","DEN","davidbhayes","https://www.facebook.com/iamdavidbhayes",
11/16/17,11:30:00 AM,12:30:00 PM,"Ash Grove B","Developing Applications for Performance","Leon Fayer","OmniTI","With the rise of the cloud and the abundance of automation and container tools that simplify scalability aspects of your system, performance considerations are often pushed to the back row. Building systems for high performance is not easy. It requires a lot of considerations—from technology selection to design decisions. In this talk, I’ll discuss common performance pitfalls across the stack and talk about useful techniques and examples that every application could benefit from.","performance, front end, SPOF, database, caching, queuing, optimization, backend, coding, configuration","Session (1 hr)","All Levels","Leon’s two decades of expertise have concentrated on architecting and operating complex, web-based systems to withstand crushing traffic (often unexpectedly). Over the years, he’s had a somewhat unique opportunity to design and build systems that run some of the most visited websites in the world. He’s considered a professional naysayer by peers and has the opinion that nothing really works until it works for at least a million people.","Baltimore","papa_fire",,"https://www.linkedin.com/in/leonfayer"
11/16/17,03:00:00 PM,04:00:00 PM,"Ballroom","2FA, U2F, OOB, and Other Terrifying Security Acronyms","Eric Mann","Tozny, LLC","In 2016, NIST announced it was deprecating SMS-based 2FA (second-factor authentication) from its Digital Authentication Guidance. As the internet works to harden application and online security, what are the proper options available for truly secure authentication? What are those OOB (out-of-band) transactions anyway? Why is identity security so hard? Come learn about the tools that define the identity security landscape and how to easily integrate strong identity verification methods with your existing services. BYOA (bring your own acronyms).","2FA, MFA, authentication","Session (1 hr)","Beginner","Eric Mann is a seasoned web developer with experience in languages from JavaScript to Ruby to C#. He has been building websites of all shapes and sizes for the better part of a decade and continues to experiment with new technologies and techniques. Eric is a Tekton working with Tozny (https://tozny.com) helping to engineer better, safer, more secure ways to identify yourself and control your information.","PDX","ericmann",,"https://www.linkedin.com/in/ericallenmann/"
11/15/17,03:00:00 PM,04:00:00 PM,"Great Falls","PHP Userland Security—Step by Step and Beyond","Eric Mann","Tozny, LLC","Too often, the security of our applications is an afterthought rather than a pillar of design. This leads to embarrassing leaks of information, unintended violations of security best practices, or even critical vulnerabilities. This tutorial will walk through securing an app from first principles through smooth UX. We’ll navigate password hashing, two-factor authentication, and login by way of magic links. We’ll then go even further with auth by way of mobile push notifications!","security, authentication","Workshop (2.5 hrs)","Beginner","Eric Mann is a seasoned web developer with experience in languages from JavaScript to Ruby to C#. He has been building websites of all shapes and sizes for the better part of a decade and continues to experiment with new technologies and techniques. Eric is a Tekton working with Tozny (https://tozny.com) helping to engineer better, safer, more secure ways to identify yourself and control your information.","PDX","ericmann",,"https://www.linkedin.com/in/ericallenmann/"
11/16/17,04:30:00 PM,05:30:00 PM,"Ash Grove C","Machine Learning Circa Minority Report","Kesha Williams","Chick-fil-A Corporate","Minority Report was a 2002 American science fiction film based in 2054 where police officers apprehended criminals based on predictions and foreknowledge. We are not in 2054 but fast-forward to 2017; we are now closer than ever before to the world imagined in Minority Report because of Machine Learning (ML). ML is a type of Artificial Intelligence (AI) that provides computers with the ability to learn without being explicitly programmed. During this talk, the secrets behind ML are uncovered, and attendees walk away with the knowledge to incorporate ML into their own applications.","machine learning, predictive policing, aws","Session (1 hr)","All Levels","Kesha Williams is a software engineer with over 20 years’ experience specializing in web application development. In addition to being a software engineer, she trains and mentors thousands of software developers in the US, Europe, and Asia while teaching at the university level. She's authored courses on Java, Machine Learning (ML), Artificial Intelligence (AI), and Augmented Reality (AR). She most recently won the Think Different Innovation Award from Chick-fil-A for her work on investigating how emerging technologies can enhance restaurant operations and customer experiences.","Atlanta Hartsfield Jackson","KeshaUCI",,"https://www.linkedin.com/in/java-rock-star-kesha/"
11/15/17,03:00:00 PM,04:00:00 PM,"Ash Grove B","The Power of Elastic Aggregations","Dan Fey","Crowdskout","Many articles and talks document how to use Elasticsearch as a search engine, but few go into detail about the powerful aggregation and analytical tools Elasticsearch provides. This talk will walk you through practical examples written in PHP using nested aggregations to quickly segment and provide data for charting among millions of records within a web request.","Elasticsearch, aggregation, analytics, big data","Session (1 hr)","Intermediate","Dan currently works as a backend engineer for Crowdskout in DC, working mostly in API layers built in Laravel. Day to day, Dan spends much of his time writing code that ties together MySQL, Mongo, and Elasticsearch in distributed data ingestion and analytics platform. Outside of coding, Dan loves to travel, climb mountains, and jog.","Silver Spring, Maryland",,,"https://www.linkedin.com/in/feydan/"
11/16/17,11:30:00 AM,12:30:00 PM,"Ash Grove C","Sharing Data in a Multitenant Architecture","Dan Fey","Crowdskout","Multitenant architectures provide great opportunities for scaling, but most solutions do not provide a way to share data between accounts. In this talk, we will introduce core concepts of multitenancy and explore a data model that allows two clients to share subsets of data instantly using a Laravel application and MySQL database.","multitanancy, laravel, mysql, data sharing","Session (1 hr)","Intermediate","Dan currently works as a backend engineer for Crowdskout in DC, working mostly in API layers built in Laravel. Day to day, Dan spends much of his time writing code that ties together MySQL, Mongo, and Elasticsearch in distributed data ingestion and analytics platform. Outside of coding, Dan loves to travel, climb mountains, and jog.","Silver Spring, Maryland",,,"https://www.linkedin.com/in/feydan/"
11/15/17,02:00:00 PM,02:45:00 PM,"Ballroom","Say Yes to Premature Optimizations","Maude Lemaire","Slack Technologies, Inc.","You work in a large codebase and (surprise!) it has performance issues. Realistically, you can’t halt feature development to overhaul your core infrastructure. You also can’t expect a single person to tackle the growing heap of tech debt while everyone else plows ahead. So what can you do? Embrace premature optimizations! As it turns out, they might not be as premature as everyone thinks. Here are a few tricks to thinking like a performance engineer and some tips on convincing even the most stubborn of naysayers that a little forward thinking is the answer to their problems.",,"Session (1 hr)","All Levels","I like speedy code and collared shirts.","SFO","qcmaude",,
11/16/17,11:30:00 AM,12:30:00 PM,"Ballroom","Security Starts With You: Social Engineering","Tiberius Hefflin","Intel","Virus? There’s an app for that. Malware? There’s an app for that. Social engineering? It's a little more complicated. These techniques, used by hackers to gather information on their target, are hard to combat without education—so why don’t we talk about them more often? Aimed at the average user who could be targeted by such an attack, this talk discusses the tools of social engineering, how to combat it, and why so many companies fail in preparing their employees for such an attack.",,"Session (1 hr)","All Levels","Tibbs recently graduated from the University of West of Scotland with a degree in computer security. She has relocated to Portland, OR, where she evangelizes for privacy and security while contracting as a Security Evaluation Engineer at Intel. She is passionate about encouraging small children to take the plunge into STEM and about laughing at cats on the internet.","Portland, Oregon","WhataTiberius","N/A","https://www.linkedin.com/in/jthefflin"
11/15/17,04:30:00 PM,05:30:00 PM,"Ash Grove A","The Security State of Open-Source PHP Applications","Johannes Dahse","RIPS Technologies","PHP is the most popular server-side language on the Web and the most favored language for Web attacks. A single security vulnerability in a widespread open-source PHP application can be used to compromise thousands of server installations. But how bad is the security state of open-source applications and plugins today? This talk covers common and quirky security issues and mistakes detected lately. We introduce static analysis techniques for the automated detection of these complex issues and a summary of the most prevalent risks and pitfalls that should be avoided in your application.","security,static code analysis","Session (1 hr)","Advanced","Dr. Johannes Dahse exploits security vulnerabilities in PHP applications since 10 years. He finished his Ph.D. in IT security at the Ruhr-University Bochum, Germany, in 2016. Before, he pioneered new static code analysis techniques in order to assist his work as a security consultant. He is a co-founder of RIPS Technologies, a Bochum-based IT security company with focus on code analysis solutions for web applications, and an active speaker at academic and industry conferences.","FRA/Frankfurt Germany","FluxReiners",,
11/16/17,04:30:00 PM,05:30:00 PM,"Ash Grove B","Pulling Up Your Legacy App by Its Bootstraps!","Emily Stamey","Inquest","Your mission is to support an application built on an older framework. Refactoring isn’t easy. The code is untested and not using standards. We’ll talk about how to incorporate modern PHP coding practices to replace code and retiring the older code in pieces. We’ll review examples and code from a project where we bootstrapped a legacy application that needed a lot of work. We’ll talk about strategies to leave the existing code in place until the new code is ready to replace it in whole or in pieces.","legacy, php, tools","Session (1 hr)","All Levels","Emily Stamey works at InQuest, a network security company based in Washington, DC. She learned PHP in 1999 and loved it. This ignited her passion for open source! In her free time, she enjoys music, Legos, making things, playing games, and socializing. She is an active volunteer in tech communities as Director of Women Who Code Raleigh/Durham and Organizer of TrianglePHP. She enjoys helping people share ideas and learn together, which has led to her speaking at conferences.","rdu","elstamey",,"elstamey"
11/15/17,11:30:00 AM,12:30:00 PM,"Ash Grove B","What's Your Skateboard?","Emily Stamey","Inquest","User Story Mapping is a strategy where a team of customers, developers, and users examine the details of a project. Your team diagrams the process and events. Once you've discovered these stories, your team views features with the problems they solve. This powerful approach allows your team to prioritize features based on everyone’s needs and motivations. Instead of planning your project as a building that must have a strong foundation, we plan as if it were a vehicle. This focus delivers the Most Valuable Features to the customer by answering the question, “What’s Your Skateboard?”","user story mapping, project management","Session (1 hr)","Beginner","Emily Stamey works at InQuest, a network security company based in Washington, DC. She learned PHP in 1999 and loved it. This ignited her passion for open source! In her free time, she enjoys music, Legos, making things, playing games, and socializing. She is an active volunteer in tech communities as Director of Women Who Code Raleigh/Durham and Organizer of TrianglePHP. She enjoys helping people share ideas and learn together, which has led to her speaking at conferences.","rdu","elstamey",,"elstamey"
11/15/17,03:00:00 PM,04:00:00 PM,"Ash Grove A","Simple Continuous Deployment: Jenkins and Laravel","Margaret Staples","Twilio","Maybe you’re the only coder on a project. Maybe you’re on a small team and carrying the majority of the server knowledge. For one reason or another, there are times when, if we don’t set up our own deploy process, there simply isn’t one. No one wants the headaches that come from a my-machine[s] to production direct deploy process, so let’s go a step better with Jenkins and GitHub or GitLab. This talk will walk you through setting up a Jenkins server to deploy your staging changes, and master merges with all the tests and checks you need to avoid those “oops” moments ever going live.","continuous deployment, jenkins, laravel, git, open source","Session (1 hr)","Intermediate","Delighted Developer Evangelist @ Twilio. Proud keeper of best pupper ever, Lilith. Personally responsible sentient creature. Cybae. Consistent producer of code, philosophy, and attitude. Happy to help with all things Twilio. Let's make neat stuff.","Seattle, WA","dead_lugosi","https://www.facebook.com/margaret.staples","https://www.linkedin.com/in/margaretstaples/"
11/15/17,10:00:00 AM,11:00:00 AM,"Ash Grove B","MySQL Mysql 8.0 Preview; What Is Coming?","Gabriela D'Ávila Ferrara",,"Yes, you read it correctly, we are jumping from 5.7 to 8.0 (that sounds familiar, doesn't it?). The new version doesn't only change the number but also changes how you write SQL. Recursive queries will allow you to generate series and work with hierarchical data. New JSON functions and performance improvements were also added to 8.0 to help you work on non-relational data. Expect to see what is new and improved in this talk to power up your application even more.","MySQL, MySQL 8.0, database","Session (1 hr)","All Levels","Senior Software Engineer in love with databases and data modeling. A world traveler and Lego hoarder. Writes on http://gabriela.io.","EWR/JFK","gabidavila",,"https://www.linkedin.com/in/gabidavila/"
11/14/17,09:30:00 AM,05:00:00 PM,"Ash Grove B","Docker for Developers","Chris Tankersley","InQuest","Docker is quickly becoming an invaluable development and deployment tool for many organizations. Come and spend the day learning about what Docker is and how to use it. Discover how to integrate it into your workflow and build an environment that works for you and your team. This hands-on training will give you the kick-start needed to begin using Docker effectively.","docker, devops, sysadmin","Training (8 hrs)","Beginner","Chris Tankersley is a husband, father, author, speaker, PHP developer, podcast host, and probably lots of other things he's forgetting to mention. He works for InQuest, a network security company out of Washington, DC, but lives in Northwest Ohio where it is much colder sometimes. Chris has worked with many different frameworks and languages throughout his twelve years of programming but spends most of his day working in PHP, with a sprinkling of Python thrown in for good measure. He is also the author of ""Docker for Developers.""","DTW","dragonmantank",,
11/16/17,03:00:00 PM,04:00:00 PM,"Great Falls","Meet Terraform","Michael Heap","Nexmo","We have a ton of options for provisioning machines once we have an SSH connection available, but how do we get those machines in the first place? Meet Terraform from Hashicorp, your infrastructure automation engine. Providing a declarative interface for your infrastructure, you can define what you need and let Terraform take care of the rest. In this talk, we'll take a look at what Terraform can do for you, walking through your first Terraform configuration all the way to writing your own modules to encapsulate your infrastructure across multiple deployments.","devops, azure, aws, terraform","Workshop (2.5 hrs)","Intermediate","Michael is a polyglot software engineer, committed to reducing complexity in systems and making them more predictable. Working with a variety of languages and tools, he shares his technical expertise with audiences all around the world at user groups and conferences. Day to day, Michael is a developer advocate at Nexmo. He spends his time learning, teaching, and writing about all kinds of technology. When not immersed in technology, you'll find him either playing various board games or hiking through the countryside.","LHR","mheap",,
11/15/17,03:00:00 PM,04:00:00 PM,"Ballroom","Behat for Characterization Tests","Michael Heap","Nexmo","Once an API ships it doesn't matter how it should behave—how it actually behaves is the important part. Users depend on the existing behavior, and we need a way to ensure it doesn't change. Behat is a tool that was built to help design software, but it’s actually a great tool for capturing existing behavior too. We’ve used these tools to gain confidence to refactor 5+-year-old apps by capturing the existing behavior before making changes. I want to share the secrets we learned with you.","testing,behat,api","Session (1 hr)","Beginner","Michael is a polyglot software engineer, committed to reducing complexity in systems and making them more predictable. Working with a variety of languages and tools, he shares his technical expertise with audiences all around the world at user groups and conferences. Day to day, Michael is a developer advocate at Nexmo. He spends his time learning, teaching, and writing about all kinds of technology. When not immersed in technology, you'll find him either playing various board games or hiking through the countryside.","LHR","mheap",,
11/15/17,10:00:00 AM,11:00:00 AM,"Potomac","Domain-Driven Design in PHP","Andrew Cassell","Marine Spill Response Corporation","In this workshop, we will start by learning how to build a strong ubiquitous language with stakeholders. Then, we will learn the benefits of encapsulating business logic in value objects using test-driven development. Next, we will move on to using bounded contexts, entities, and aggregate roots to manage state and protect invariants. We will also cover more advanced topics in the DDD world, such as event sourcing and command query responsibility segregation. No prior knowledge of domain-driven design required.","php, ddd, cqrs, event sourcing","Workshop (2.5 hrs)","Intermediate","Andrew Cassell is a full-stack web application developer in Herndon, Virginia. Andrew is an employee of the non-profit Marine Spill Response Corporation, the largest dedicated oil spill and emergency response organization. He works on their website and internal web applications.","IAD","alc277","https://www.facebook.com/andrewcassell","https://www.linkedin.com/in/andrewcassell/"
11/16/17,10:00:00 AM,11:00:00 AM,"Ash Grove A","Dependency Injection for Mere Humans","Ian Littman","Cloudy Hills","What's the difference between service location and dependency injection? Why is this dependency injection thing such a big deal anyway, and how do you use it correctly? I'll answer these questions and more, including real-world examples of refactoring an application toward the more explicit, testable, closer-to-SOLID applications.","di,architecture,design patterns","Session (1 hr)","Beginner","When he isn't building or maintaining web applications (usually APIs) for a variety of contract clients or helping organize AustinPHP, Ian's probably at, or biking to or from, one of Austin, Texas's 24-hour coffee shops, or opining some aspect of transportation infrastructure.","AUS","iansltx","https://www.facebook.com/iansltx","https://www.linkedin.com/in/ian-littman-29284a15/"
11/15/17,10:00:00 AM,11:00:00 AM,"Great Falls","Build a Bot!","Ian Littman","Cloudy Hills","Think you can do better than Google Assistant, Alexa, or Siri? Want to build your own intelligent Facebook Messenger bot? Dipping your toe in the water is easier than you think, thanks to tools like API.ai and Google's Cloud Speech API. We'll start by building a chatbot that can keep track of context from message to message. Then, we'll mix in speech input and output to get something a little closer to your favorite assistant app.","bot,api,conversational","Workshop (2.5 hrs)","Intermediate","When he isn't building or maintaining web applications (usually APIs) for a variety of contract clients or helping organize AustinPHP, Ian's probably at, or biking to or from, one of Austin, Texas's 24-hour coffee shops, or opining some aspect of transportation infrastructure.","AUS","iansltx","https://www.facebook.com/iansltx","https://www.linkedin.com/in/ian-littman-29284a15/"
11/16/17,03:00:00 PM,04:00:00 PM,"Potomac","Hacking Laravel: Custom Relationships in Eloquent","Alex Weissman",,"Eloquent, Laravel's ORM, is a powerful tool for interacting with relational databases. It models entity relationships such as one-to-many and many-to-many, but production applications often need to produce very specific data structures that cannot be directly generated from Eloquent built-in methods. Instead of looping through collections to wrangle your query results, it is possible to extend Laravel's basic relation classes and implement custom relations that you can easily reuse within and among Laravel projects. You will dive into the guts of Eloquent and emerge an effective power user.","Laravel, Eloquent, Relations, database","Workshop (2.5 hrs)","Advanced","Alex Weissman has been using PHP since 2006 and PHP 4. He's active in the open source community as the creator and lead developer for UserFrosting, an open-source PHP framework and application with a not-so-secret mission to help developers learn to use modern development tools and write better code. Alex's passion for education led him to found a math tutoring company where he lives in Bloomington, Indiana. Alex is a native of Baltimore, MD and makes a mean pizza pie. He enjoys Reddit and pictures of cats.","I will be driving from Bloomington, IN.","userfrosting",,"https://www.linkedin.com/in/alexander-weissman-9558063a/"
11/15/17,10:00:00 AM,11:00:00 AM,"Ash Grove A","Essential Tools for Modern PHP","Alex Weissman",,"PHP owes its appeal and popularity to its low barriers to entry. Anyone with access to a basic LAMP stack can get started in just a few hours, but if you want to write a production-level application, you need the right tools. The PHP community today relies heavily on Composer and PHPUnit as tools and PSRs as the common dialect. npm is the unavoidable front-end counterpart to Composer. Git, though not specific to PHP, is critical to developing a maintainable project. This talk will guide you through these topics so you have a basic understanding of the modern PHP developer's toolbox.",,"Session (1 hr)","Beginner","Alex Weissman has been using PHP since 2006 and PHP 4. He's active in the open source community as the creator and lead developer for UserFrosting, an open-source PHP framework and application with a not-so-secret mission to help developers learn to use modern development tools and write better code. Alex's passion for education led him to found a math tutoring company where he lives in Bloomington, Indiana. Alex is a native of Baltimore, MD and makes a mean pizza pie. He enjoys Reddit and pictures of cats.","I will be driving from Bloomington, IN.","userfrosting",,"https://www.linkedin.com/in/alexander-weissman-9558063a/"
11/16/17,10:00:00 AM,11:00:00 AM,"Ash Grove C","Web Application Security: Browsers Fight Back","Christian Wenz","Arrabiata Solutions GmbH","Since developers seem to have a hard time writing secure apps—according to one study, nine out of ten web apps have security vulnerabilities—browsers have come to their aid with new techniques and protocols like built-in XSS filters, special HTTP headers, and more that can help prevent many attacks. This session offers an overview of these new safeguards, including HSTS, CSP, secure cookies, and much more, helping you make your browser an additional defense against attacks.","security","Session (1 hr)","Intermediate","Christian Wenz is an author, consultant, and trainer focussing on web technologies and web application security. He wrote or co-wrote over 100 books, has been a fixture at international developer conferences since 2001, and is the lead author of the Zend PHP 5.3, 5.5, and 7 certifications. His day job at Arrabiata Solutions includes making web applications faster, more secure, and better to use.","MUC","chwenz","https://www.facebook.com/chwenz","https://www.linkedin.com/in/christianwenz"
11/15/17,10:00:00 AM,11:00:00 AM,"Ballroom","Web Performance 2017: Myths and Truths","Christian Wenz","Arrabiata Solutions GmbH","Various studies have shown there is a link between performance and conversion rates. This is just one of many reasons to make performance optimization a mandatory step in your development process. However, advice that was relevant a few years ago is often made obsolete by new browser versions or new technologies like HTTP/2. We will cover several aspects of optimizing a site from a performance perspective, debunk some myths, and also present tools which help analyze a web site's performance.","performance,http/2","Session (1 hr)","Advanced","Christian Wenz is an author, consultant, and trainer focussing on web technologies and web application security. He wrote or co-wrote over 100 books, has been a fixture at international developer conferences since 2001, and is the lead author of the Zend PHP 5.3, 5.5, and 7 certifications. His day job at Arrabiata Solutions includes making web applications faster, more secure, and better to use.","MUC","chwenz","https://www.facebook.com/chwenz","https://www.linkedin.com/in/christianwenz"
11/13/17,09:30:00 AM,05:00:00 PM,"Potomac","PHP Essentials","Ed Barnard","InboxDollars","Ready to learn PHP? Are you beginning down the path of becoming a PHP developer? Whether you are brand new to programming, moving from another programming language, or experienced within a PHP based CMS and wanting to learn how to get more out of your software, this training is designed for you!","PHP, Objects, OOP, Loops, programming","Training (8 hrs)","Beginner","Ed Barnard had a front-row seat when the Morris Worm took down the internet, November 1988. He was teaching CRAY-1 supercomputer operating system internals to analysts as they were being directly hit by the Worm. It was a busy week! Ed continues to indulge his interests in computer security and teaching software concepts to others.","MSP","ewbarnard","https://www.facebook.com/ewbarnard","https://www.linkedin.com/in/edward-barnard-94230b1/"
11/14/17,09:30:00 AM,05:00:00 PM,"Ash Grove A","Web Security Essentials","Chris Cornutt","Salesforce/Pardot","A full day crash course in web and PHP security practices that teaches you everything you need to know to begin protecting yourself from malicious users. This class covers the top web security attacks, how to detect them, how to protect yourself from them, and how to recover if you are breached. It also covers PHP specific security topics such as best practices for protecting user sessions and handling user logins and passwords.","security, php, CSRF, XSS","Training (8 hrs)","Beginner","(bio)","DFW","enygma",,
